company_name,city,state,metro_area,industry,estimated_employees,estimated_revenue_range,owner_or_contact,contact_title,phone,email,website
Line Dental,New York,NY,New York City,Dental Practice,8,$800K-$1.5M,Owner,Practice Owner,(646) 536-5088,hello@linedental.com,linedental.com
New York Dental Office,New York,NY,New York City,Dental Practice,10,$800K-$1.5M,Owner,Practice Owner,(212) 548-3261,,newyorkdentaloffice.com
Dental House,New York,NY,New York City,Dental Practice,8,$800K-$1.5M,Owner,Practice Owner,(212) 888-3384,info@dentalhousenyc.com,dentalhousenyc.com
209 NYC Dental,New York,NY,New York City,Dental Practice,10,$800K-$2M,Owner,Practice Owner,(212) 355-2290,info@209nycdental.com,209nycdental.com
Coliseum Dental,New York,NY,New York City,Dental Practice,12,$1M-$2M,Owner,Practice Owner,(212) 757-3183,info@coliseumdental.com,coliseumdental.com
Tribeca MedSpa,New York,NY,New York City,Med Spa,12,$800K-$1.5M,Owner,Practice Owner,(212) 925-9500,info@tribecamedspa.com,tribecamedspa.com
Skinly Aesthetics,New York,NY,New York City,Med Spa,8,$500K-$1.2M,Dr. Schwarzburg,Practice Owner,(212) 774-4264,info@skinlyaesthetics.com,skinlyaesthetics.com
SoVous Med Spa,New York,NY,New York City,Med Spa,8,$500K-$1.2M,Owner,Practice Owner,(212) 575-1457,hello@sovous.com,sovous.com
Beaute Aesthetics,New York,NY,New York City,Med Spa,10,$500K-$1.5M,Owner,Practice Owner,(646) 590-3332,,beautenyc.com
Fayced Aesthetics NYC,New York,NY,New York City,Med Spa,6,$500K-$1M,Owner,Practice Owner,(646) 753-0412,info@faycedaestheticsnyc.com,faycedaestheticsnyc.com
MCNYC Medical Spa,New York,NY,New York City,Med Spa,8,$500K-$1.2M,Owner,Practice Owner,(646) 647-9163,info@icrmc.org,mcnyc.net
New York City Chiropractic,New York,NY,New York City,Chiropractic Clinic,8,$400K-$800K,Dr. Jamie Bassel,Practice Owner,(212) 227-7310,,newyorkcitychiropractic.com
East Village Physical Medicine,New York,NY,New York City,Chiropractic Clinic,8,$400K-$800K,Dr. Taras Odulak,Practice Owner,(212) 260-2213,,eastvillagephysicalmedicine.com
Oasis Chiropractic,New York,NY,New York City,Chiropractic Clinic,6,$300K-$700K,Dr. Jason Goldstein,Practice Owner,(212) 582-1122,dr.jasongoldstein@gmail.com,oasisfromthepain.com
Wall Street Chiropractic and Wellness,New York,NY,New York City,Chiropractic Clinic,8,$400K-$800K,Owner,Practice Owner,(212) 747-4747,,wallstreetchiropractic.com
Westside Veterinary Center,New York,NY,New York City,Veterinary Clinic,12,$1M-$2M,Owner,Practice Owner,(212) 580-1800,,westsidevetcenter.com
Downtown Veterinary Clinic,New York,NY,New York City,Veterinary Clinic,10,$800K-$1.5M,Owner,Practice Owner,(212) 463-8705,downtownvetclinic@gmail.com,downtownveterinaryclinic.com
Rivergate Veterinary Clinic,New York,NY,New York City,Veterinary Clinic,10,$800K-$1.5M,Owner,Practice Owner,(212) 213-9885,,rivergateveterinaryclinic.com
Washington Square Dermatology,New York,NY,New York City,Dermatology Clinic,8,$1M-$2M,Owner,Practice Owner,(212) 256-1075,,washingtonsqderm.com
Marmur Medical,New York,NY,New York City,Dermatology Clinic,10,$1.5M-$3M,Dr. Ellen Marmur,Practice Owner,(212) 996-6900,,marmurmedical.com
Spring Street Dermatology,New York,NY,New York City,Dermatology Clinic,12,$1.5M-$3M,Owner,Practice Owner,(646) 906-9614,,springstderm.com
MDCS Dermatology,New York,NY,New York City,Dermatology Clinic,15,$2M-$3M,Dr. Snehal Amin,Practice Owner,(212) 661-3376,,mdcsnyc.com
Smith Optometry PC,New York,NY,New York City,Optometry Practice,6,$500K-$1M,Owner,Practice Owner,(212) 532-3210,soptometry@aol.com,soptometry.com
West Village Eyecare,New York,NY,New York City,Optometry Practice,6,$500K-$1M,Dr. Hakim Serhrouchni,Practice Owner,(212) 242-6592,,eyecarenyc.com
Eye Care Associates in Optometry,New York,NY,New York City,Optometry Practice,6,$500K-$1M,Dr. Robert Maiolo,Practice Owner,(212) 583-9000,,doctorlawrenceforgacs.com
A New Smile Dental Center,Miami,FL,Miami,Dental Practice,12,$1M-$2M,Owner,Practice Owner,(305) 383-9944,,anewsmiledentalcenter.com
Bayfront Dental,Miami,FL,Miami,Dental Practice,15,$1M-$2M,David J. Weiner DMD,Practice Owner,(305) 530-1866,,bayfrontdental.com
Dental Team of Miami,Miami,FL,Miami,Dental Practice,10,$800K-$1.5M,Owner,Practice Owner,(305) 448-7119,,dentalteamfl.com
Pearly Whites Miami,Miami,FL,Miami,Dental Practice,8,$800K-$1.5M,Owner,Practice Owner,(305) 317-0439,,pearlywhitesmiami.com
Everything Teeth Miami,Miami,FL,Miami,Dental Practice,8,$800K-$1.5M,Owner,Practice Owner,(305) 777-7774,,everythingteethmiami.com
Med Aesthetics Miami,Coral Gables,FL,Miami,Med Spa,10,$500K-$1.5M,Owner,Practice Owner,(305) 356-7402,coralgables@medaestheticsmiami.com,medaestheticsmiami.com
Monaco MedSpa,Miami,FL,Miami,Med Spa,10,$500K-$1.5M,Dr. Jeannette Barrueta,Practice Owner,(786) 536-6117,officemanager@monacomedspa.com,monacomedspa.com
Beyond Health MedSpa,Miami,FL,Miami,Med Spa,8,$500K-$1.2M,Owner,Practice Owner,(786) 359-4068,info@beyondhealthmedspa.com,beyondhealthmedspa.com
Lyf Aesthetics,Palmetto Bay,FL,Miami,Med Spa,8,$500K-$1.2M,Owner,Practice Owner,(305) 614-2088,,lyfaesthetics.com
4Beauty Med Spa,Miami,FL,Miami,Med Spa,10,$500K-$1.5M,Dr. Constantino Mendieta,Practice Owner,(786) 496-9444,MedSpa.GuestRelations@4beauty.net,4beautymedspa.com
Miami Spine Clinic,Miami,FL,Miami,Chiropractic Clinic,8,$400K-$800K,Owner,Practice Owner,(786) 661-0906,randallthompson07@yahoo.com,miamispineclinic.com
Baum Chiropractic Clinic,Miami Beach,FL,Miami,Chiropractic Clinic,6,$300K-$700K,Dr. Michael Baum,Practice Owner,(305) 864-1419,,miamibeachchiro.com
Dynamic Chiropractic Center,Miami,FL,Miami,Chiropractic Clinic,6,$300K-$600K,Owner,Practice Owner,(305) 221-4949,staff@dynamicchiropracticcenter.us,dynamicchiropracticcenter.net
Regenerative Chiropractic,Miami,FL,Miami,Chiropractic Clinic,6,$300K-$700K,Dr. Octavio Espinoza,Practice Owner,(786) 558-8075,,espinozachiro.com
Arch Creek Animal Clinic,North Miami Beach,FL,Miami,Veterinary Clinic,8,$800K-$1.5M,Owner,Practice Owner,(305) 945-1223,esmith@archcreekanimalclinic.com,archcreekanimalclinic.com
Adams Veterinary Clinic,Miami,FL,Miami,Veterinary Clinic,8,$800K-$1.5M,Owner,Practice Owner,(305) 757-7309,,adamsvetmiami.com
Alvarez Pet Clinic,Miami,FL,Miami,Veterinary Clinic,8,$800K-$1.5M,Owner,Practice Owner,,,alvarezpetclinic.com
Sky Lake Animal Hospital,Miami,FL,Miami,Veterinary Clinic,10,$800K-$2M,Owner,Practice Owner,(305) 931-2113,Skylakeanimalhospital@gmail.com,skylakeanimalhospital.com
Miami Center for Cosmetic Dermatology,Miami,FL,Miami,Dermatology Clinic,8,$1M-$2.5M,Dr. Deborah Longwill,Practice Owner,(305) 279-7546,info@miamicenterofdermatology.com,miamicenterfordermatology.com
Lincoln Road Dermatology,Miami Beach,FL,Miami,Dermatology Clinic,8,$1M-$2M,Owner,Practice Owner,(305) 397-8622,,lincolnderm.com
Dermatology and Skin Cancer Center,Miami,FL,Miami,Dermatology Clinic,10,$1M-$2.5M,Dr. T.J. Giuffrida,Practice Owner,(305) 461-2000,,miamidermcenter.com
Genuine Smiles,North Jersey,NJ,Northern New Jersey,Dental Practice,10,$800K-$1.5M,Owner,Practice Owner,,,genuinesmilespa.com
North Jersey Dental Group,Fort Lee,NJ,Northern New Jersey,Dental Practice,10,$800K-$1.5M,Owner,Practice Owner,(201) 461-4800,,northjerseydentalgroup.com
Dental Studio of Jersey City,Jersey City,NJ,Northern New Jersey,Dental Practice,10,$800K-$1.5M,Owner,Practice Owner,(551) 222-4493,office@dentalstudiojc.com,dentalstudiojc.com
Frost Dental Group,Rutherford,NJ,Northern New Jersey,Dental Practice,12,$1M-$2M,Owner,Practice Owner,(201) 438-8870,info@frostdentalgroup.com,frostdentalgroup.com
NUVA Smile,North Jersey,NJ,Northern New Jersey,Dental Practice,8,$800K-$1.5M,Owner,Practice Owner,(973) 478-1616,,nuvasmile.com
Downtown Medspa,Jersey City,NJ,Northern New Jersey,Med Spa,10,$500K-$1.5M,Dr. Eric Reynolds,Practice Owner,(201) 989-1723,,downtownmedspa.com
Reflections Center,Livingston,NJ,Northern New Jersey,Med Spa,15,$800K-$1.5M,Owner,Practice Owner,(973) 740-2444,info@reflectionscenter.com,reflectionscenter.com
Bare Aesthetic MedSpa,Closter,NJ,Northern New Jersey,Med Spa,8,$500K-$1.2M,Owner,Practice Owner,(201) 564-7521,wecare@getbare.com,getbare.com
Ethos Aesthetics + Wellness,North Jersey,NJ,Northern New Jersey,Med Spa,10,$500K-$1.5M,Owner,Practice Owner,(908) 628-1916,info@myethosspa.com,myethosspa.com
Slate Medspa,Paramus,NJ,Northern New Jersey,Med Spa,10,$500K-$1.5M,Owner,Practice Owner,(201) 712-0222,paramus@slatemedspa.com,slatemedspa.com
Dentistry of Nashville,Nashville,TN,Nashville,Dental Practice,12,$1M-$2M,Dr. James Fleming,Practice Owner,(615) 383-3690,,dentistryofnashville.com
East Nashville Aesthetic and Implant Dentistry,Nashville,TN,Nashville,Dental Practice,10,$800K-$1.5M,Dr. Morton,Practice Owner,(615) 208-4447,,eastnashvilledentistry.com
Nations Dental Studio,Nashville,TN,Nashville,Dental Practice,8,$800K-$1.5M,Dr. Diana D'Aoust,Practice Owner,(615) 933-5800,,nationsdentalstudio.com
Belle Meade Family Dentistry,Nashville,TN,Nashville,Dental Practice,10,$800K-$1.5M,Owner,Practice Owner,(615) 237-7338,office@bellemeadedental.com,bellemeadedental.com
Roach Family Dentistry,Nashville,TN,Nashville,Dental Practice,10,$800K-$1.5M,Owner,Practice Owner,(615) 499-5608,,greenhillsdentist.net
Midtown Smiles,Nashville,TN,Nashville,Dental Practice,10,$800K-$1.5M,Dr. Terry Watson,Practice Owner,(615) 320-3210,,midtownsmilestn.com
Ona Skincare,Nashville,TN,Nashville,Med Spa,8,$500K-$1.2M,Owner,Practice Owner,(615) 353-8444,booking@onaskineast.com,onaskin.com
Toxxology,Nashville,TN,Nashville,Med Spa,8,$500K-$1.2M,Owner,Practice Owner,(615) 436-8699,Service@toxxology.com,toxxology.com
Elan Skin and Laser,Nashville,TN,Nashville,Med Spa,10,$500K-$1.5M,Owner,Practice Owner,(615) 814-4999,,elanskinandlaser.com
Hi Finch,Nashville,TN,Nashville,Med Spa,8,$500K-$1.2M,Owner,Practice Owner,(615) 899-2351,,hifinch.com
Jack and Jill Aesthetics,Nashville,TN,Nashville,Med Spa,8,$500K-$1.2M,Owner,Practice Owner,(615) 784-3223,,jackjillaesthetics.com
Nashville Physical Therapy and Performance,Nashville,TN,Nashville,Physical Therapy Clinic,8,$500K-$1M,Owner,Practice Owner,(615) 746-7121,admin@nashvillept.com,nashvillephysicaltherapy.com
MPOWER Physical Therapy,Nashville,TN,Nashville,Physical Therapy Clinic,12,$500K-$1.5M,Owner,Practice Owner,(615) 815-3777,information@mpowermd.com,mpowermd.com
P3 Precision Physical Therapy,Nashville,TN,Nashville,Physical Therapy Clinic,6,$500K-$1M,Owner,Practice Owner,(615) 891-4037,,p3nashville.com
The Chicago Dental Studio,Chicago,IL,Chicago,Dental Practice,12,$1M-$2M,Owner,Practice Owner,(312) 267-1917,smile@thechicagodentalstudio.com,thechicagodentalstudio.com
Strobel Dentistry,Chicago,IL,Chicago,Dental Practice,10,$800K-$1.5M,Dr. Dan Strobel,Practice Owner,(312) 726-3135,,strobeldentistry.com
Enamel Dental Studio,Chicago,IL,Chicago,Dental Practice,8,$800K-$1.5M,Owner,Practice Owner,(312) 586-2900,,enameldentalchicago.com
Big Smile Dental,Chicago,IL,Chicago,Dental Practice,12,$1M-$2M,Owner,Practice Owner,(773) 772-8400,info@bigsmiledental.com,bigsmiledental.com
Cornerstone Dental of Lincoln Square,Chicago,IL,Chicago,Dental Practice,8,$800K-$1.5M,Owner,Practice Owner,(773) 654-3575,,lincolnsquarefamilydentist.com
Chicago Aesthetics Med Spa,Chicago,IL,Chicago,Med Spa,10,$500K-$1.5M,Owner,Practice Owner,(312) 846-1629,,chicagoaesthetics.com
ImageLab Med Spa,Chicago,IL,Chicago,Med Spa,8,$500K-$1.2M,Owner,Practice Owner,(872) 285-6769,,imagelabmedspa.com
Better Med Spa and Wellness,Chicago,IL,Chicago,Med Spa,10,$500K-$1.5M,Owner,Practice Owner,(312) 285-2618,,bettermedspa.com
Vitahl Medical Aesthetics,Chicago,IL,Chicago,Med Spa,10,$500K-$1.5M,Owner,Practice Owner,(312) 634-6100,,vitahlchicago.com
Natural Beauty Med Spa,Chicago,IL,Chicago,Med Spa,8,$500K-$1.2M,Dr. Wiesman,Practice Owner,(312) 981-1291,,naturalbeautymedspa.com
West Loop Veterinary Care,Chicago,IL,Chicago,Veterinary Clinic,12,$800K-$2M,Owner,Practice Owner,(312) 421-2275,info@westloopvet.com,westloopvet.com
South Loop Animal Hospital,Chicago,IL,Chicago,Veterinary Clinic,10,$800K-$1.5M,Owner,Practice Owner,(312) 753-5551,,mysouthloopvet.com
North Avenue Animal Hospital,Chicago,IL,Chicago,Veterinary Clinic,10,$800K-$1.5M,Owner,Practice Owner,(773) 278-1330,,northavevet.com
Uptown Animal Hospital,Chicago,IL,Chicago,Veterinary Clinic,10,$800K-$1.5M,Owner,Practice Owner,(773) 561-0734,,uptownah.com
Dallas Dental Group,Dallas,TX,Dallas,Dental Practice,12,$1M-$2M,Owner,Practice Owner,(972) 644-1998,,dallasdental.com
Turtle Creek Dental Associates,Dallas,TX,Dallas,Dental Practice,10,$1M-$2M,Owner,Practice Owner,(214) 953-0906,,turtlecreekdental.com
Highland Park Dental,Dallas,TX,Dallas,Dental Practice,8,$800K-$1.5M,Dr. Aaron Jones,Practice Owner,(972) 362-2021,,hpdentist.com
Royal Lane Dental Center,Dallas,TX,Dallas,Dental Practice,10,$800K-$1.5M,Dr. Kastoori,Practice Owner,(469) 904-2080,,royallanedental.com
Lakewood Family Dental Care,Dallas,TX,Dallas,Dental Practice,10,$800K-$1.5M,Owner,Practice Owner,(214) 823-1638,,lakewoodfamilydental.com
Lily Med Spa,Dallas,TX,Dallas,Med Spa,10,$500K-$1.5M,Owner,Practice Owner,(972) 503-5459,,lilymedspa.com
Mara's Med Spa,Dallas,TX,Dallas,Med Spa,8,$500K-$1.2M,Owner,Practice Owner,(469) 730-3333,,marasmedspa.com
The Derm Lounge,Dallas,TX,Dallas,Med Spa,8,$500K-$1.2M,Owner,Practice Owner,(214) 377-7906,info@thedermlounge.com,thedermlounge.com
Rejuve Med Spa,Dallas,TX,Dallas,Med Spa,8,$500K-$1.2M,Owner,Practice Owner,(972) 265-1590,,rejuvemedspa.com
Renew Beauty Med Spa,Dallas,TX,Dallas,Med Spa,10,$500K-$1.5M,Owner,Practice Owner,(214) 369-1600,,renewbeautymedspa.com
North Dallas Chiropractic Clinic,Dallas,TX,Dallas,Chiropractic Clinic,6,$300K-$700K,Owner,Practice Owner,(972) 792-0204,,ndallaschiropractic.com
Inwood Chiropractic and Wellness Center,Dallas,TX,Dallas,Chiropractic Clinic,6,$300K-$700K,Owner,Practice Owner,(214) 902-0092,,backpro.net
Wellness Vida Center,Dallas,TX,Dallas,Chiropractic Clinic,6,$300K-$600K,Owner,Practice Owner,(469) 677-0029,,wellnessvida.com
Victory Bark Veterinary Clinic,Dallas,TX,Dallas,Veterinary Clinic,8,$800K-$1.5M,Owner,Practice Owner,(214) 744-2275,,victorybark.com
North Dallas Veterinary Hospital,Dallas,TX,Dallas,Veterinary Clinic,10,$800K-$2M,Owner,Practice Owner,(972) 620-9012,,northdallasvet.com
East Dallas Veterinary Clinic,Dallas,TX,Dallas,Veterinary Clinic,8,$800K-$1.5M,Owner,Practice Owner,(214) 225-3729,edvcgeneral@sbcglobal.net,eastdallasvetclinic.com
Trail Pet Hospital,Dallas,TX,Dallas,Veterinary Clinic,8,$800K-$1.5M,Owner,Practice Owner,(972) 629-9766,,trailpethospital.com
Dentiq Dentistry,Houston,TX,Houston,Dental Practice,12,$1M-$2M,Dr. Shreed Sista,Practice Owner,(713) 588-9824,date@dentiq.net,dentiq.dental
EaDo Family Dental,Houston,TX,Houston,Dental Practice,10,$800K-$1.5M,Dr. Bianca Williams,Practice Owner,(713) 474-2334,,eadofamilydental.com
Houston Westchase Dentists,Houston,TX,Houston,Dental Practice,10,$1M-$2M,Dr. Heather Robbins,Practice Owner,(832) 830-8226,,houstonwestchasedentists.com
Acadian Family Dental,Houston,TX,Houston,Dental Practice,10,$800K-$1.5M,Dr. Eric Perkins,Practice Owner,(713) 766-5804,,acadiandental.com
Glow Medical Aesthetics,Houston,TX,Houston,Med Spa,10,$500K-$1.5M,Owner,Practice Owner,(713) 428-2814,,glowhouston.com
Clearstone Laser Hair Removal and Med Spa,Houston,TX,Houston,Med Spa,8,$500K-$1.2M,Owner,Practice Owner,(832) 460-4200,,clearstonespa.com
Persona Med Spa,Houston,TX,Houston,Med Spa,10,$500K-$1.5M,Owner,Practice Owner,(713) 630-0772,,personamedicalspa.com
Artavi Med Spa,Houston,TX,Houston,Med Spa,6,$500K-$1M,Owner,Practice Owner,(832) 649-7266,,artavimedspa.com
Galleria Aesthetics,Houston,TX,Houston,Med Spa,8,$500K-$1.2M,Owner,Practice Owner,(713) 552-1112,,galleriaesthetics.com
All Cats Veterinary Clinic,Houston,TX,Houston,Veterinary Clinic,5,$500K-$1M,Owner,Practice Owner,(713) 664-2287,,allcatsvetclinic.com
Tanner Lakes Animal Clinic,Houston,TX,Houston,Veterinary Clinic,8,$800K-$1.5M,Owner,Practice Owner,(713) 937-4484,,tannerlakesac.com
Beechcrest Animal Clinic,Houston,TX,Houston,Veterinary Clinic,8,$800K-$1.5M,Owner,Practice Owner,(281) 561-9056,beechcrestanimalclinic@gmail.com,beechcrestvet.com
Suburbia North Animal Hospital,Houston,TX,Houston,Veterinary Clinic,10,$800K-$2M,Owner,Practice Owner,(281) 443-2362,,suburbiavet.com
Heights Veterinary Clinic,Houston,TX,Houston,Veterinary Clinic,8,$800K-$1.5M,Owner,Practice Owner,(832) 982-2365,,heightsvet.com
Atlanta Dental Center,Atlanta,GA,Atlanta,Dental Practice,12,$1M-$2M,Owner,Practice Owner,(470) 570-8453,,atlantadentalcenter.com
Atlanta Dental Studio,Atlanta,GA,Atlanta,Dental Practice,10,$800K-$1.5M,Owner,Practice Owner,,,atldentalstudio.com
Ponce Dental Studio,Atlanta,GA,Atlanta,Dental Practice,8,$800K-$1.5M,Owner,Practice Owner,(404) 777-4040,,poncedentalstudio.com
Atlanta Dental Spa,Atlanta,GA,Atlanta,Dental Practice,10,$1M-$2M,Dr. Peter Boulden,Practice Owner,(404) 816-2230,,atlantadentalspa.com
Henderson Mill Dental Care,Atlanta,GA,Atlanta,Dental Practice,10,$800K-$1.5M,Owner,Practice Owner,(770) 496-0496,,hendersonmilldentalcare.com
ELLEMES Medical Spa,Atlanta,GA,Atlanta,Med Spa,10,$500K-$1.5M,Lauren Siso,Practice Owner,(470) 222-6581,,ellemesmedspa.com
Atlanta MediSpa,Atlanta,GA,Atlanta,Med Spa,10,$500K-$1.5M,Dr. Debra Atkins,Practice Owner,(678) 213-2220,,atlantamedispa.com
Radiance Medspa,Atlanta,GA,Atlanta,Med Spa,8,$500K-$1.2M,Owner,Practice Owner,(770) 435-7700,,radiancemedspaatlanta.com
Paces Ferry Veterinary Clinic,Atlanta,GA,Atlanta,Veterinary Clinic,10,$800K-$2M,Owner,Practice Owner,,,pacesvet.com
East Atlanta Animal Clinic,Atlanta,GA,Atlanta,Veterinary Clinic,8,$800K-$1.5M,Owner,Practice Owner,,,
Collier Animal Hospital,Atlanta,GA,Atlanta,Veterinary Clinic,10,$800K-$2M,Owner,Practice Owner,(404) 477-0200,,
Village Animal Hospital,Atlanta,GA,Atlanta,Veterinary Clinic,10,$800K-$1.5M,Owner,Practice Owner,,,
Intown Animal Hospital,Atlanta,GA,Atlanta,Veterinary Clinic,12,$800K-$2M,Owner,Practice Owner,,,
Charlotte Dental Arts,Charlotte,NC,Charlotte,Dental Practice,10,$800K-$1.5M,Dr. Lowe,Practice Owner,,,
Gentry Dental,Charlotte,NC,Charlotte,Dental Practice,8,$800K-$1.5M,Dr. Gentry,Practice Owner,(704) 554-1007,,gentrydentalcharlotte.com
Piedmont Dentistry,Charlotte,NC,Charlotte,Dental Practice,10,$800K-$1.5M,Owner,Practice Owner,,,
Park Crossing Dentistry,Charlotte,NC,Charlotte,Dental Practice,10,$800K-$1.5M,Owner,Practice Owner,(704) 541-5059,,parkcrossingdentistry.com
Keith Clinic,Charlotte,NC,Charlotte,Chiropractic Clinic,15,$500K-$800K,Owner,Practice Owner,(704) 392-3000,,keithclinic.com
Carlisle Chiropractic Clinic,Charlotte,NC,Charlotte,Chiropractic Clinic,6,$300K-$600K,Owner,Practice Owner,,,carlislechiropracticclinic.com
Bowker Clinic,Charlotte,NC,Charlotte,Chiropractic Clinic,6,$300K-$600K,Owner,Practice Owner,,,
Proactive Chiropractic and Rehab Center,Charlotte,NC,Charlotte,Chiropractic Clinic,8,$400K-$800K,Owner,Practice Owner,,,
Piedmont EyeCare Associates,Charlotte,NC,Charlotte,Optometry Practice,8,$500K-$1.2M,Owner,Practice Owner,(980) 333-6012,,charlotteoptometry.com
Innovative Eye Care,Charlotte,NC,Charlotte,Optometry Practice,6,$500K-$1M,Owner,Practice Owner,,,innovativeeyecare.net
Charlotte Optometric Clinic,Charlotte,NC,Charlotte,Optometry Practice,6,$500K-$1M,Owner,Practice Owner,,,
Charlotte Skin and Laser,Charlotte,NC,Charlotte,Dermatology Clinic,10,$1M-$2.5M,Owner,Practice Owner,(704) 333-9113,,charlotteskinandlaser.com
Dermatology Care of Charlotte,Charlotte,NC,Charlotte,Dermatology Clinic,10,$1M-$2M,Owner,Practice Owner,,,
Dermatology Specialists of Charlotte,Charlotte,NC,Charlotte,Dermatology Clinic,10,$1M-$2.5M,Owner,Practice Owner,,,dscmd.com
Dental Office of Tampa,Tampa,FL,Tampa,Dental Practice,10,$800K-$1.5M,Owner,Practice Owner,,,dentalofficeoftampa.com
Jackson Dental PA,Tampa,FL,Tampa,Dental Practice,10,$800K-$1.5M,Owner,Practice Owner,(813) 701-3141,,jacksondentaltampa.com
Heights Dental Tampa,Tampa,FL,Tampa,Dental Practice,8,$800K-$1.5M,Dr. Kenneth Jainandan,Practice Owner,(813) 578-7887,,heightsdentaltampa.com
New Tampa Smiles,Tampa,FL,Tampa,Dental Practice,10,$800K-$1.5M,Dr. Jean Paul Taveras,Practice Owner,,,newtampasmile.com
South Tampa Dentistry,Tampa,FL,Tampa,Dental Practice,10,$800K-$1.5M,Owner,Practice Owner,(813) 835-0090,,southtampadentistry.com
Vivia MedSpa,Tampa,FL,Tampa,Med Spa,8,$500K-$1.2M,Owner,Practice Owner,,,viviamedspatampa.com
Skin NV Med Spa,Tampa,FL,Tampa,Med Spa,10,$500K-$1.5M,Owner,Practice Owner,,,
Aspire MedSpa and Beauty Bar,Tampa,FL,Tampa,Med Spa,6,$500K-$1M,Rosaly Torres,Practice Owner,,,aspiremedspas.com
Roots Wellness and Med Spa,Tampa,FL,Tampa,Med Spa,6,$500K-$1M,Owner,Practice Owner,,,
Fit4Life Physical Therapy,Tampa,FL,Tampa,Physical Therapy Clinic,6,$500K-$1M,Owner,Practice Owner,(813) 907-7879,,fit4lifetampa.com
Physique Physical Therapy,Tampa,FL,Tampa,Physical Therapy Clinic,6,$500K-$1M,Owner,Practice Owner,,,
Competitive Edge Physical Therapy,Tampa,FL,Tampa,Physical Therapy Clinic,8,$500K-$1.2M,Owner,Practice Owner,,,
South Tampa Dermatology,Tampa,FL,Tampa,Dermatology Clinic,10,$1M-$2M,Owner,Practice Owner,,,
Modern Dermatology,Tampa,FL,Tampa,Dermatology Clinic,8,$1M-$2M,Owner,Practice Owner,(813) 336-7688,,themodernderm.com
Skin Health Forever,Tampa,FL,Tampa,Dermatology Clinic,10,$1M-$2.5M,Owner,Practice Owner,(813) 440-2462,,skinhealthforever.com
Koyfman Dental,Orlando,FL,Orlando,Dental Practice,10,$800K-$1.5M,Owner,Practice Owner,(407) 641-2302,,koyfmandental.com
Mosaic Dental Center,Orlando,FL,Orlando,Dental Practice,10,$800K-$1.5M,Dr. Sonia Simmonds,Practice Owner,,,
Fine Dentistry of Downtown Orlando,Orlando,FL,Orlando,Dental Practice,10,$800K-$1.5M,Owner,Practice Owner,,,
Nulife Dental Center,Orlando,FL,Orlando,Dental Practice,10,$800K-$1.5M,Owner,Practice Owner,,,
Celine Med Spa,Orlando,FL,Orlando,Med Spa,10,$500K-$1.5M,Owner,Practice Owner,(407) 409-8666,,celinemedspa.com
Bloom Aesthetics,Orlando,FL,Orlando,Med Spa,8,$500K-$1.2M,Owner,Practice Owner,,,bloomaestheticsfl.com
Healthy Glow Med Spa,Orlando,FL,Orlando,Med Spa,6,$500K-$1M,Owner,Practice Owner,,,healthyglowmedspa.com
NUR Med Spa,Orlando,FL,Orlando,Med Spa,8,$500K-$1.2M,Owner,Practice Owner,,,
Balance MedSpa,Orlando,FL,Orlando,Med Spa,8,$500K-$1.2M,Owner,Practice Owner,(407) 481-2843,,
Solterra Dentistry,Phoenix,AZ,Phoenix,Dental Practice,10,$800K-$1.5M,Owner,Practice Owner,(602) 788-0730,,solterradentistry.com
Desert Dentistry,Phoenix,AZ,Phoenix,Dental Practice,10,$800K-$1.5M,Owner,Practice Owner,,,
Biltmore Dental Center,Phoenix,AZ,Phoenix,Dental Practice,10,$800K-$1.5M,Owner,Practice Owner,,,
Valley Smiles,Phoenix,AZ,Phoenix,Dental Practice,8,$800K-$1.5M,Owner,Practice Owner,,,
Phoenix Medspa,Phoenix,AZ,Phoenix,Med Spa,6,$500K-$1M,Dr. Paul,Practice Owner,,,
Uptown Medispa,Phoenix,AZ,Phoenix,Med Spa,8,$500K-$1.2M,Owner,Practice Owner,,,uptownmedispa.com
Med 44 Arcadia,Phoenix,AZ,Phoenix,Med Spa,8,$500K-$1.2M,Owner,Practice Owner,,,med44arcadia.com
Torstveit Medical Aesthetics,Phoenix,AZ,Phoenix,Med Spa,8,$500K-$1.2M,Owner,Practice Owner,(602) 354-3100,info@torstveitmedical.com,tmamedspa.com
CAS Chiropractic Center,Phoenix,AZ,Phoenix,Chiropractic Clinic,8,$400K-$800K,Dr. Michael Castrichini,Practice Owner,,,caschiro.com
Arizona Life Chiropractic Center,Phoenix,AZ,Phoenix,Chiropractic Clinic,6,$300K-$700K,Dr. Dennis Cathcart,Practice Owner,(602) 242-7537,,arizonalifechiropractic.com
Shea Chiropractic,Phoenix,AZ,Phoenix,Chiropractic Clinic,6,$300K-$600K,Owner,Practice Owner,(602) 996-3601,,sheachiropracticclinic.com
TOPS Physical Therapy,Phoenix,AZ,Phoenix,Physical Therapy Clinic,8,$500K-$1.2M,Owner,Practice Owner,(602) 826-0037,,topsphysicaltherapy.com
OSR Physical Therapy,Phoenix,AZ,Phoenix,Physical Therapy Clinic,8,$500K-$1M,Owner,Practice Owner,,,osrphysicaltherapy.com
Arizona Orthopedic Physical Therapy,Phoenix,AZ,Phoenix,Physical Therapy Clinic,12,$500K-$1.5M,Owner,Practice Owner,,,
Smile LA Downtown Modern Dentistry,Los Angeles,CA,Los Angeles,Dental Practice,10,$800K-$1.5M,Dr. Kourosh Yousefzadeh,Practice Owner,(213) 528-3323,,smilela.com
Los Angeles Dental Arts,Los Angeles,CA,Los Angeles,Dental Practice,10,$800K-$1.5M,Owner,Practice Owner,(424) 266-8508,,losangelesdentalarts.com
Arthur A Kezian DDS,Los Angeles,CA,Los Angeles,Dental Practice,10,$1M-$2M,Dr. Arthur Kezian,Practice Owner,(323) 467-2777,,drkezian.com
Union Dental Center,Los Angeles,CA,Los Angeles,Dental Practice,12,$1M-$2M,Owner,Practice Owner,(213) 483-0772,,uniondentalcenter.co
Marina Medspa,Los Angeles,CA,Los Angeles,Med Spa,10,$500K-$1.5M,Owner,Practice Owner,(310) 818-7104,,marinamedspa.com
Los Feliz Med Spa,Los Angeles,CA,Los Angeles,Med Spa,10,$500K-$1.5M,Dr. Michele Ware,Practice Owner,(323) 664-0186,,losfelizmedspa.com
Rejuvify MedSpa,Los Angeles,CA,Los Angeles,Med Spa,8,$500K-$1.2M,Owner,Practice Owner,(310) 962-8900,,rejuvifymedspa.com
South Coast Med Spa,Los Angeles,CA,Los Angeles,Med Spa,12,$800K-$1.5M,Owner,Practice Owner,(310) 268-7979,,southcoastmedspa.com
Los Feliz Small Animal Hospital,Los Angeles,CA,Los Angeles,Veterinary Clinic,10,$800K-$2M,Owner,Practice Owner,(323) 664-3309,,lfsah.com
Angel City Animal Hospital,Los Angeles,CA,Los Angeles,Veterinary Clinic,8,$800K-$1.5M,Owner,Practice Owner,(323) 522-3134,,angelcityvet.com
Eagle Rock Pet Care,Los Angeles,CA,Los Angeles,Veterinary Clinic,8,$800K-$1.5M,Owner,Practice Owner,(323) 254-7382,,
Mar Vista Animal Medical Center,Los Angeles,CA,Los Angeles,Veterinary Clinic,10,$800K-$2M,Owner,Practice Owner,,,
Restoration Dental OC,Orange,CA,Orange County,Dental Practice,10,$800K-$1.5M,Dr. Ronald Pham,Practice Owner,(714) 400-0075,,restorationdentaloc.com
Orange County Dental Care,Orange,CA,Orange County,Dental Practice,10,$800K-$1.5M,Dr. Ali-Reza Etemadieh,Practice Owner,(714) 628-9910,,orangecounty-dentalcare.com
OC Healthy Smiles,Costa Mesa,CA,Orange County,Dental Practice,10,$800K-$1.5M,Owner,Practice Owner,(714) 422-0596,,ochealthysmiles.com
Dr. Christopher J Fotinos,Orange,CA,Orange County,Dental Practice,8,$800K-$1.5M,Dr. Christopher Fotinos,Practice Owner,(714) 538-5182,,drfotinos.com
Beauty Boost Med Spa,Newport Beach,CA,Orange County,Med Spa,10,$500K-$1.5M,Dr. Steve Yoelin,Practice Owner,(949) 514-8602,,beautyboostmedspa.com
Newport Beach MedSpa,Newport Beach,CA,Orange County,Med Spa,12,$800K-$1.5M,Owner,Practice Owner,,,
Gravity Med Spa,San Juan Capistrano,CA,Orange County,Med Spa,8,$500K-$1.2M,Owner,Practice Owner,,,
OC Skin Medspa,Placentia,CA,Orange County,Med Spa,6,$500K-$1M,Owner,Practice Owner,,,
True Design Dentistry,San Diego,CA,San Diego,Dental Practice,10,$800K-$1.5M,Dr. Nick Refahi,Practice Owner,(858) 483-3384,,truedesigndentistry.com
Fifth Avenue Dental Arts,San Diego,CA,San Diego,Dental Practice,10,$800K-$1.5M,Dr. Ramin Ghassemi,Practice Owner,,,mydentistsandiego.com
Scripps Rock Dental,San Diego,CA,San Diego,Dental Practice,8,$800K-$1.5M,Owner,Practice Owner,,,scrippsrockdental.com
Oasis Dentistry San Diego,San Diego,CA,San Diego,Dental Practice,8,$800K-$1.5M,Owner,Practice Owner,,,
San Diego Skin Medical Spa,La Jolla,CA,San Diego,Med Spa,12,$800K-$1.5M,Owner,Practice Owner,(858) 241-1968,,sandiegoskin.com
Revive Med Spa,San Diego,CA,San Diego,Med Spa,10,$500K-$1.5M,Owner,Practice Owner,(619) 393-3909,,revive.md
B Medical Spa,San Diego,CA,San Diego,Med Spa,8,$500K-$1.2M,Owner,Practice Owner,,,
Siti Med Spa,San Diego,CA,San Diego,Med Spa,8,$500K-$1.2M,Owner,Practice Owner,(619) 717-8484,info@sitimedspa.com,sitimedspa.com
San Diego Optometry,San Diego,CA,San Diego,Optometry Practice,6,$500K-$1M,Owner,Practice Owner,,,
Midway Optometry,San Diego,CA,San Diego,Optometry Practice,6,$500K-$1M,Owner,Practice Owner,(619) 224-2973,,midwayoptometry.com
Specs Optometry,San Diego,CA,San Diego,Optometry Practice,6,$500K-$1M,Owner,Practice Owner,,,
Urban Optiks Optometry,San Diego,CA,San Diego,Optometry Practice,8,$500K-$1.2M,Owner,Practice Owner,(619) 683-2020,,uoosd.com
Dentistry of San Francisco,San Francisco,CA,San Francisco Bay Area,Dental Practice,10,$800K-$1.5M,Dr. Joseph,Practice Owner,,,
San Francisco Dental Partners,San Francisco,CA,San Francisco Bay Area,Dental Practice,10,$800K-$1.5M,Dr. Jasmine Bhuva,Practice Owner,(415) 982-4277,,
SOMA Dental,San Francisco,CA,San Francisco Bay Area,Dental Practice,10,$800K-$1.5M,Dr. Nigel Suarez,Practice Owner,(415) 558-9800,,somadental.com
San Francisco Dental Care,San Francisco,CA,San Francisco Bay Area,Dental Practice,10,$800K-$1.5M,Owner,Practice Owner,,,
Epi Center MedSpa,San Francisco,CA,San Francisco Bay Area,Med Spa,10,$500K-$1.5M,Owner,Practice Owner,,,epicentermedspa.com
Nob Hill Aesthetics,San Francisco,CA,San Francisco Bay Area,Med Spa,8,$500K-$1.2M,Owner,Practice Owner,,,nobhillaesthetics.com
Serenity MedSpa,San Francisco,CA,San Francisco Bay Area,Med Spa,8,$500K-$1.2M,Owner,Practice Owner,,,
SELFISHLY Aesthetics and Wellness,San Francisco,CA,San Francisco Bay Area,Med Spa,8,$500K-$1.2M,Owner,Practice Owner,,,selfishlyaesthetics.com
SF Vet Hospital,San Francisco,CA,San Francisco Bay Area,Veterinary Clinic,10,$800K-$2M,Owner,Practice Owner,,,
Urban Pet Hospital,San Francisco,CA,San Francisco Bay Area,Veterinary Clinic,8,$800K-$1.5M,Owner,Practice Owner,(415) 483-4395,,sfurbanpethospital.com
San Francisco Pet Hospital,San Francisco,CA,San Francisco Bay Area,Veterinary Clinic,8,$800K-$1.5M,Owner,Practice Owner,,,sfpethospital.com
Healthy Pets Veterinary Hospital,San Francisco,CA,San Francisco Bay Area,Veterinary Clinic,8,$800K-$1.5M,Owner,Practice Owner,,,
South Boston Dental Group,Boston,MA,Boston,Dental Practice,12,$1M-$2M,Owner,Practice Owner,(617) 268-1030,,southbostondental.com
Dental Partners of Boston,Boston,MA,Boston,Dental Practice,15,$1M-$2M,Owner,Practice Owner,(617) 622-5993,,dentalpartnersofboston.com
Smile Design Boston,Boston,MA,Boston,Dental Practice,10,$800K-$1.5M,Owner,Practice Owner,,,
Seaport Medspa,Boston,MA,Boston,Med Spa,10,$500K-$1.5M,Owner,Practice Owner,(617) 681-8244,,seaportmedspa.com
Boston Medical Aesthetics,Boston,MA,Boston,Med Spa,8,$500K-$1.2M,Owner,Practice Owner,(617) 973-9700,,bostonmedicalaesthetics.net
Vega Vitality,Boston,MA,Boston,Med Spa,8,$500K-$1.2M,Owner,Practice Owner,(617) 658-3421,info@vegavitality.com,vegavitality.com
IconMD Medical Spa,Boston,MA,Boston,Med Spa,8,$500K-$1.2M,Owner,Practice Owner,(617) 982-6781,,iconmd.com
SkinHealth Centers,Boston,MA,Boston,Med Spa,10,$500K-$1.5M,Owner,Practice Owner,(617) 582-2754,,skinhealthcenters.com
Boston Physical Therapy and Wellness,Boston,MA,Boston,Physical Therapy Clinic,8,$500K-$1M,Owner,Practice Owner,,,
Joint Ventures Physical Therapy,Boston,MA,Boston,Physical Therapy Clinic,12,$500K-$1.5M,Owner,Practice Owner,(617) 536-1161,,jointventurespt.com
Boston Health and Wellness,Stoneham,MA,Boston,Physical Therapy Clinic,8,$500K-$1M,Owner,Practice Owner,(617) 843-5320,stoneham@bostonhealthwellness.com,bostonhealthwellness.com
Rittenhouse Smiles,Philadelphia,PA,Philadelphia,Dental Practice,10,$800K-$1.5M,Owner,Practice Owner,(215) 732-8080,,rittenhousesmiles.com
Pennsylvania Dental Group,Philadelphia,PA,Philadelphia,Dental Practice,12,$1M-$2M,Owner,Practice Owner,,,
The Dental Spa,Philadelphia,PA,Philadelphia,Dental Practice,10,$800K-$1.5M,Owner,Practice Owner,,,
Elegance in Dentistry,Philadelphia,PA,Philadelphia,Dental Practice,10,$800K-$1.5M,Owner,Practice Owner,,,
PhillyMedClub,Philadelphia,PA,Philadelphia,Med Spa,8,$500K-$1.2M,Owner,Practice Owner,,,phillymedclub.com
Enigma Medi Spa,Philadelphia,PA,Philadelphia,Med Spa,12,$500K-$1.5M,Owner,Practice Owner,(215) 717-7000,,enigmamedispa.com
Body and Beauty Lab,Philadelphia,PA,Philadelphia,Med Spa,8,$500K-$1.2M,Owner,Practice Owner,,,
Skin Retreat Med Spa,Philadelphia,PA,Philadelphia,Med Spa,6,$500K-$1M,Owner,Practice Owner,,,skinretreatmedspa.com
Modern Optometry,Philadelphia,PA,Philadelphia,Optometry Practice,6,$500K-$1M,Dr. Rebecca Verna,Practice Owner,(215) 922-3300,,
New World Vision Center,Philadelphia,PA,Philadelphia,Optometry Practice,6,$500K-$1M,Owner,Practice Owner,(215) 599-2020,,newworldvisioncenter.com
Pine Vision Care,Philadelphia,PA,Philadelphia,Optometry Practice,6,$500K-$1M,Owner,Practice Owner,(215) 575-5198,,pinevisioncare.com
The DC Dentist,Washington,DC,Washington DC,Dental Practice,10,$800K-$1.5M,Dr. Terry Victor,Practice Owner,,,
Washington Center for Cosmetic and Family Dentistry,Washington,DC,Washington DC,Dental Practice,10,$800K-$1.5M,Dr. Michael Pollowitz,Practice Owner,(202) 933-5498,,amazingdentistry.com
Always Smile DC,Washington,DC,Washington DC,Dental Practice,10,$800K-$1.5M,Owner,Practice Owner,,,alwayssmiledc.com
DC Pearls Dental Boutique,Washington,DC,Washington DC,Dental Practice,8,$800K-$1.5M,Dr. Kourosh Ardekani,Practice Owner,(202) 750-8718,,dcpearlsdental.com
Georgetown Allure Med Spa,Washington,DC,Washington DC,Med Spa,8,$500K-$1.2M,Owner,Practice Owner,(833) 255-8731,,georgetownallure.com
Arta Medical Spa,Washington,DC,Washington DC,Med Spa,6,$500K-$1M,Dr. Safiyah West,Practice Owner,,,artamedicalspa.com
AnewSkin MedSpa,Washington,DC,Washington DC,Med Spa,6,$500K-$1M,Dr. Molly Sarumi,Practice Owner,(202) 505-6996,,anewskinmedspa.com
Peel Haus,Washington,DC,Washington DC,Med Spa,8,$500K-$1.2M,Owner,Practice Owner,(202) 891-4287,,peelhaus.com
Dupont Veterinary Clinic,Washington,DC,Washington DC,Veterinary Clinic,8,$800K-$1.5M,Owner,Practice Owner,(202) 466-2211,,dupontvetclinic.com
Union Veterinary Clinic,Washington,DC,Washington DC,Veterinary Clinic,8,$800K-$1.5M,Owner,Practice Owner,,,unionvetclinic.com
Palisades Veterinary Clinic,Washington,DC,Washington DC,Veterinary Clinic,8,$800K-$1.5M,Owner,Practice Owner,,,palisadesvetclinic.com
District Veterinary Hospital,Washington,DC,Washington DC,Veterinary Clinic,10,$800K-$2M,Owner,Practice Owner,,,
Collins Animal Hospital,Washington,DC,Washington DC,Veterinary Clinic,8,$800K-$1.5M,Owner,Practice Owner,,,
Metro Dental Care,Denver,CO,Denver,Dental Practice,12,$1M-$2M,Owner,Practice Owner,(303) 534-2626,,metrodentalcare.com
OG Dental Denver,Denver,CO,Denver,Dental Practice,8,$800K-$1.5M,Dr. O'Grady,Practice Owner,(720) 551-6580,,ogdentaldenver.com
Hampden Dentistry and Orthodontics,Denver,CO,Denver,Dental Practice,10,$800K-$1.5M,Owner,Practice Owner,(303) 219-7426,,hampdendentist.com
Rejuvenate MedSpa,Denver,CO,Denver,Med Spa,10,$500K-$1.5M,Owner,Practice Owner,(303) 278-2600,,rejuvenatecolorado.com
La Fontaine Med Spa,Denver,CO,Denver,Med Spa,8,$500K-$1.2M,Dr. Ken Oleszek,Practice Owner,,,denverfusionspa.com
Gleam Med Spa,Denver,CO,Denver,Med Spa,8,$500K-$1.2M,Owner,Practice Owner,,,
Mountain Med Spa,Denver,CO,Denver,Med Spa,8,$500K-$1.2M,Dr. Rock Navarkal,Practice Owner,,,mountainmedspa.com
Skintonomy Med Spa,Denver,CO,Denver,Med Spa,6,$500K-$1M,Owner,Practice Owner,,,
ATLAS Physical Therapy,Denver,CO,Denver,Physical Therapy Clinic,15,$500K-$1.5M,Owner,Practice Owner,(303) 832-3700,,atlasptco.com
Denver Total PT,Denver,CO,Denver,Physical Therapy Clinic,8,$500K-$1M,Owner,Practice Owner,(303) 758-5060,,denvertotalpt.com
Blue Sky Physical Therapy,Denver,CO,Denver,Physical Therapy Clinic,10,$500K-$1.2M,Owner,Practice Owner,(303) 388-1537,,blueskypt.com
Denver Dermatology Center,Denver,CO,Denver,Dermatology Clinic,10,$1M-$2.5M,Dr. Margaret Muldrow,Practice Owner,,,denverdermatologycenter.com
SKN Dermatology,Denver,CO,Denver,Dermatology Clinic,8,$1M-$2M,Owner,Practice Owner,(303) 962-3376,,skndermatology.com
Cherry Hills Dermatology,Denver,CO,Denver,Dermatology Clinic,10,$1M-$2.5M,Owner,Practice Owner,,,cherryhillsderm.com
Isles Dental,Minneapolis,MN,Minneapolis,Dental Practice,8,$800K-$1.5M,Dr. Robert Springer,Practice Owner,(612) 374-4321,,islesdental.com
Parkway Dental Center,Minneapolis,MN,Minneapolis,Dental Practice,10,$800K-$1.5M,Owner,Practice Owner,(612) 824-4211,,parkwaydentalcentermn.com
Englander Dental,Minneapolis,MN,Minneapolis,Dental Practice,8,$800K-$1.5M,Owner,Practice Owner,(612) 926-2100,,englanderdental.com
Nicollet Station Dental,Minneapolis,MN,Minneapolis,Dental Practice,8,$800K-$1.5M,Owner,Practice Owner,(612) 338-5557,,nicolletstationdental.com
Skin Artisans Medical Spa,Minneapolis,MN,Minneapolis,Med Spa,8,$500K-$1.2M,Owner,Practice Owner,(612) 930-1111,,skinartisans.com
Pure Lux Medspa,Minneapolis,MN,Minneapolis,Med Spa,8,$500K-$1.2M,Owner,Practice Owner,,,mypurelux.com
Afzal Clinics,Minneapolis,MN,Minneapolis,Med Spa,10,$500K-$1.5M,Owner,Practice Owner,(612) 662-2772,,afzalclinics.com
Metropolitan Skin Clinic,Minneapolis,MN,Minneapolis,Med Spa,10,$500K-$1.5M,Owner,Practice Owner,,,metropolitanskinclinic.com
East Lake Animal Clinic,Minneapolis,MN,Minneapolis,Veterinary Clinic,8,$800K-$1.5M,Owner,Practice Owner,(612) 729-2374,,eastlakeanimalclinic.com
Minnehaha Animal Hospital,Minneapolis,MN,Minneapolis,Veterinary Clinic,10,$800K-$2M,Owner,Practice Owner,,,minnehahaanimalhospital.com
Kenwood Pet Clinic,Minneapolis,MN,Minneapolis,Veterinary Clinic,10,$800K-$1.5M,Owner,Practice Owner,,,
Westgate Pet Clinic,Minneapolis,MN,Minneapolis,Veterinary Clinic,10,$800K-$1.5M,Owner,Practice Owner,,,
Premier HVAC Services,Brooklyn,NY,New York City,HVAC Contractor,10,$1M-$5M,Owner,Owner,(929) 207-8457,,hvacnycpro.com
Always On HVAC,New York,NY,New York City,HVAC Contractor,8,$1M-$5M,Owner,Owner,,,
Figlia & Sons,New York,NY,New York City,HVAC Contractor,12,$1M-$5M,Owner,Owner,(212) 686-0094,,figliasons.com
Kaback Enterprises,New York,NY,New York City,HVAC Contractor,18,$1M-$5M,Owner,Owner,,,kaback.com
Brothers Supply,Manhattan,NY,New York City,HVAC Contractor,10,$1M-$5M,Owner,Owner,,,
Main Plumbing Services,Miami,FL,Miami,Plumbing Contractor,8,$800K-$3M,Owner,Owner,,,mainplumbingmiami.com
Miami Shores Plumbing,Miami Shores,FL,Miami,Plumbing Contractor,8,$800K-$3M,Owner,Owner,,,miamishoresplumbing.com
Douglas Orr Plumbing,Miami,FL,Miami,Plumbing Contractor,15,$800K-$3M,Owner,Owner,,,orrplumbing.com
Eco1Plumbing,Miami,FL,Miami,Plumbing Contractor,10,$800K-$3M,Owner,Owner,,,eco1plumbingmiami.com
Liriano Plumbing,Miami,FL,Miami,Plumbing Contractor,8,$800K-$3M,Owner,Owner,,,lirianoplumbing.com
Sunny Bliss Plumbing & Air,Miami,FL,Miami,Plumbing Contractor,10,$800K-$3M,Owner,Owner,,,sunnybliss.com
Falcon Plumbing,Miami,FL,Miami,Plumbing Contractor,8,$800K-$3M,Owner,Owner,,,
West Side Electric Service,Nashville,TN,Nashville,Electrical Contractor,10,$1M-$4M,Owner,Owner,(615) 292-8497,,westsideelectricservice.com
Moss Electric,Nashville,TN,Nashville,Electrical Contractor,8,$1M-$4M,Owner,Owner,,,mosselectrictn.com
Hardy Electric,Nashville,TN,Nashville,Electrical Contractor,12,$1M-$4M,Owner,Owner,,,
FAST Electrical Contractors,Nashville,TN,Nashville,Electrical Contractor,10,$1M-$4M,Owner,Owner,,,
Top Notch Electrical,Nashville,TN,Nashville,Electrical Contractor,8,$1M-$4M,Owner,Owner,,,nashvilletopnotch.com
Chicago Flat Roofing Contractors,Chicago,IL,Chicago,Roofing Contractor,10,$1M-$5M,Owner,Owner,,,
TAR Roofing,Chicago,IL,Chicago,Roofing Contractor,12,$1M-$5M,Owner,Owner,,,tarroofing.com
All Roofs Inc,Chicago,IL,Chicago,Roofing Contractor,15,$1M-$5M,Owner,Owner,,,allroof.us
Lindholm Roofing,Chicago,IL,Chicago,Roofing Contractor,18,$1M-$5M,Owner,Owner,(773) 283-7675,,lindholmroofing.com
Heritage Contractors,Chicago,IL,Chicago,Roofing Contractor,10,$1M-$5M,Owner,Owner,,,
Proctor Pest Control,Dallas,TX,Dallas,Pest Control,8,$500K-$2M,Owner,Owner,(214) 226-1622,,proctorpestcontrol.com
