company_name,city,state,website,email_found
Mei CPA PC,Brooklyn,NY,https://meicpa.com/,tax@meicpa.com
SDO CPA,New York,NY,https://www.sdocpa.com/,info@sdocpa.com
Lewis CPA LLC,Nashville,TN,https://www.lewiscpallc.com/,marye@lewiscpallc.com
SPD CPA Firm,Nashville,TN,https://www.spdcpafirm.com/,admin@spdcpafirm.com
Randolph Business Resources,Nashville,TN,https://randolphacctg.com/,mickey@randolphacctg.com
Supporting Strategies Boston,Boston,MA,https://www.supportingstrategies.com/locations/boston/,ljorgensen@supportingstrategies.com
Tristan CPA,Boston,MA,https://www.tristancpa.com,hello@tristancpa.com
Simon CPAs,Boston,MA,https://www.simon-cpas.com/,support@simonaccounting.com
Myrick CPA,Washington,DC,https://www.myrickcpa.com/,info@myrickcpa.com
Pardo Law Firm,Charlotte,NC,https://www.pardolawfirm.com/,info@pardolawfirm.com
Personal Injury Lawyers of Tampa,Tampa,FL,https://injurylawyersoftampa.com/,info@injurylawyersoftampa.com
Roman Austin Personal Injury Lawyers,Tampa,FL,https://romanaustin.com/,intake@romanaustin.com
Signature CPAs & Advisors,Miami,FL,https://signaturecpa.com/,Info@signaturecpa.com
Custis Law PC,Los Angeles,CA,https://www.custislawpc.com/,kcustis@custislawpc.com
Nosrati Law,Los Angeles,CA,https://www.nosratilaw.com/,scholarships@nosratilaw.com
B.O.L. Global Inc,San Francisco,CA,https://www.bolglobalcpa.com/,info@bolglobalcpa.com
Asnani CPA,San Francisco,CA,https://www.asnanicpa.com/,sasnani@asnanicpa.com
Scott Boyar CPA,Charlotte,NC,https://sboyarcpa.com/,Scott@sboyarcpa.com
Earley Law Group,Boston,MA,https://www.chrisearley.com/,cearley@earleylawgroup.com
Prizant Law,New York,NY,https://www.prizant-law.com/,sprizant@prizant-law.com
Spina McCarthy & Company,Philadelphia,PA,https://spinacpa.com/,info@spinacpa.com
Accounting 4 DC,Washington,DC,https://www.accounting4dc.com/,info@accounting4dc.com
Crown & Company CPA,Tampa,FL,https://www.crowncpas.com/,CC@crowncpas.com
Supporting Strategies Minneapolis,Minneapolis,MN,https://www.supportingstrategies.com/locations/minneapolis-mn/,ddeziel@supportingstrategies.com
Baker Meinz and Associates Ltd,Minneapolis,MN,https://www.bakermeinz.com/,info@bakermeinz.com
CSI Accounting & Payroll,Minneapolis,MN,https://www.csiaccounting.com/,info@csiaccounting.com
Regal Group CPA,San Diego,CA,https://www.regalgroupcpa.com/,info@regalgroupcpa.com
Gallardo Law Firm,Miami,FL,https://gallardolawyers.com/,info@gallardolawyers.com
Bantle & Levy LLP,New York,NY,https://civilrightsfirm.com/,info@civilrightsfirm.com
Flakne Law,Minneapolis,MN,https://www.flaknelaw.com/,bflakne@flaknelaw.com
John A. Knutson & Co PLLP,Minneapolis,MN,https://jakcpa.com/,info@jakcpa.com
RS Law Group,Philadelphia,PA,https://rslawgroup.com/,contact@rslawgroup.com
Zavodnick & Lasky Personal Injury Lawyers,Philadelphia,PA,https://zavodnicklaw.com/,info@zavodnicklaw.com
Fisher PA CPAs,Charlotte,NC,https://www.fisheraccountants.com/,admin@fisheraccountants.com
Carolina Accounting & Tax Service PLLC,Charlotte,NC,https://www.carolinaaccounting.com/,service@carolinaaccounting.com
David Love CPA,Charlotte,NC,https://www.love-cpa.com/,david@love-cpa.com
Gemma Law Office,Braintree,MA,https://gemmalawoffice.com/,anthony@gemmalawoffice.com
Camisassa Law Group,Los Angeles,CA,https://immigrationlawyerlosangeles.la/,info@camisassalaw.com
Thomas M. Lee Law Offices APLC,Los Angeles,CA,https://www.thomasmlee.com/,thomas@thomasmlee.com
Hicks Law Firm,Orange,CA,https://www.hickslawfirm.com/,info@hickslawfirm.com
Law Office of Gene J. Goldsman,Orange County,CA,https://gjglaw.com/,lawyers@gjglaw.com
Shaked Law,Miami,FL,https://shakedlaw.com/,info@shakedlaw.com
The Sands Law Group APLC,Los Angeles,CA,https://www.thesandslawgroup.com/,info@thesandslawgroup.com
Josh Wang Law,Los Angeles,CA,https://joshwanglaw.com/,info@joshwanglaw.com
Jarrar CPA,Los Angeles,CA,https://jarrarcpa.com/,samcpa@jarrarcpa.com
Tampa Law Group,Tampa,FL,https://www.mytampalawgroup.com/,michael@mytampalawgroup.com
Mission Personal Injury Lawyers,San Diego,CA,https://missionlegalcenter.com/,info@missionlegalcenter.com
Pines Salomon Personal Injury Lawyers,San Diego,CA,https://seriousaccidents.com/,aaron@psinjury.com
Selvidge Injury Law,Nashville,TN,https://selvidgeinjurylaw.com/,contact@selvidgeinjurylaw.com
Labrum Law Firm,Nashville,TN,https://labrumlawfirm.com/,info@labrumlawfirm.com
SOUK Studio,New York,NY,https://soukstudio.com,info@soukstudio.com
The Yoga Common,New York,NY,https://yogacommonstudio.com,hello@yogacommonstudio.com
Momentum Fitness NYC,New York,NY,https://momentumfitnessnyc.com,Info@MomentumFitnessNYC.com
BURN Fitness Studios,Boston,MA,https://burnfitboston.com,info@burnfitboston.com
Quantum Pilates,Washington,DC,https://quantumpilates.com,info@quantumpilates.com
Georgetown Pilates,Washington,DC,https://georgetownpilates.co,info@georgetownpilates.co
Werk Fitness,San Diego,CA,https://werkfitness.com,info@werkfitness.com
Chitown Tutoring,Chicago,IL,https://chitowntutoring.com,info@chitowntutoring.com
Test Prep Chicago,Chicago,IL,https://testprepchicago.com,info@testprepchicago.com
Studio Yogi,Chicago,IL,https://studioyogi.com,info@studioyogi.com
National Karate Chicago,Chicago,IL,https://chicagonk.com,info@chicagonk.com
Capital Pilates Studio,Washington,DC,https://capitalpilates.com,info@capitalpilates.com
